beta,l2gain_squared,setup_secs,solve_secs,total_secs,term_status,eigmax
0,1.3966995359073102,20.996429920196533,18.33897089958191,46.23417091369629,OPTIMAL,-1.5399490749190428e-6
