t,obj_val,setup_secs,solve_secs,total_secs,term_status,eigmax
1,0.8135522043439553,0.02218008041381836,0.4436910152435303,0.48018717765808105,OPTIMAL,7.809059762511818e-7
2,0.878265906117035,0.11294293403625488,0.9713671207427979,1.1429100036621094,OPTIMAL,2.2250489214079723e-6
3,0.9379535497253401,0.2331249713897705,1.3895299434661865,1.7089481353759766,OPTIMAL,2.676545316051832e-6
4,1.000548757611206,0.45094799995422363,2.1774489879608154,2.733150005340576,OPTIMAL,1.3472150000538122e-6
5,1.0663226342397412,0.9098660945892334,2.464229106903076,3.5961568355560303,OPTIMAL,3.2464562394527242e-6
6,1.1354143099557508,1.3549480438232422,3.0149428844451904,4.619844198226929,OPTIMAL,1.414043003829046e-6
7,1.2079991371031364,2.026700973510742,3.8211050033569336,6.511544942855835,OPTIMAL,2.8445693112345477e-6
