t,obj_val,setup_secs,solve_secs,total_secs,term_status,eigmax
1,0.8135512486132476,0.035368919372558594,0.16938209533691406,0.22045397758483887,OPTIMAL,6.812203416414063e-7
2,0.8782555230539559,0.1949150562286377,0.3805689811706543,0.6408569812774658,OPTIMAL,5.785081209089424e-7
3,0.9379533893367138,0.2739090919494629,0.5215089321136475,0.8609671592712402,OPTIMAL,3.00042522613303e-6
4,1.0005420028385899,0.4656050205230713,0.6066689491271973,1.2088189125061035,OPTIMAL,3.078038977763034e-6
5,1.0663059755474986,0.7860651016235352,0.7098591327667236,1.6872680187225342,OPTIMAL,3.1233006852294562e-6
6,1.1354131155121263,1.2647831439971924,0.8927850723266602,2.4369850158691406,OPTIMAL,7.12496670148413e-7
7,1.208005933105528,2.593744993209839,1.0258679389953613,3.9874508380889893,OPTIMAL,1.0001298395073269e-6
