beta,obj_val,setup_secs,solve_secs,total_secs,term_status,eigmax
0,3.904427685877457,411.6505250930786,906.555438041687,1328.8385331630707,OPTIMAL,2.0379770534727857e-8
