t,obj_val,setup_secs,solve_secs,total_secs,term_status,eigmax
1,1.948831264573995,2.425081968307495,16.04915714263916,19.42912006378174,OPTIMAL,9.69289758600857e-7
2,1.9825680082671142,5.845088005065918,47.557353019714355,54.94580006599426,OPTIMAL,7.546719672442443e-7
3,2.0331523952545307,14.527631044387817,79.79851508140564,97.65760779380798,OPTIMAL,9.454823035180565e-7
4,2.1136389850073796,25.84222102165222,127.94159412384033,160.4749481678009,OPTIMAL,1.4388329687432884e-6
5,2.215217893797595,40.34674310684204,178.0927450656891,228.13064289093018,OPTIMAL,8.543608271522784e-7
6,2.3402597232679887,60.70819401741028,194.01111698150635,267.2458288669586,OPTIMAL,5.0520084229315875e-6
7,2.500078832972025,85.72020506858826,258.9188120365143,359.8960208892822,OPTIMAL,3.712553708416799e-6
